tags,channelId,channelTitle,categoryId,title,videoId,viewCount,likeCount,dislikeCount,commentCount,favoriteCount,polarity,I_k
"['covid', 'vaccine', 'covid-19', 'covid 19 vaccine', 'side effects of covid 19 vaccine', 'india', 'usa', 'uk', 'london', 'iran', 'pfizer', 'moderna', 'allergy', 'can covid vaccine kill me', 'can covid vaccine give me covid', 'will covid vaccine kill me', 'plan', 'long term', 'cases', 'infection', 'pandemic', 'reaction', 'allergic reaction', 'dose', 'breastfeeding', 'cdc', 'oxford', 'vaccination', 'social distancing', 'covid vaccine update', 'coronavirus update', 'coronavirus']",UCOmrniWfKi-uCD6Oh6fqhgw,MEDSimplified,27,POTENTIAL SIDE EFFECTS COVID VACCINE - COVID-19 Vaccine Adverse effects &amp; Allergy,QAeJ35FGSIw,268800,2541,392,1649,0,0,0
"['covishield', 'vaccine', 'corona vaccine', 'covid vaccine', 'covaxin', 'experience', 'vaccination', 'side effects', 'Covishield Vs Covaxin', 'Health', 'india', 'government', 'LargestImmunization', 'LargestVaccineDrive']",UCTzf99EUGj8b843DRb3CJIw,GUJMOM TV,27,My Experience of COVISHIELD Vaccine | Corona Vaccine | First Dose | Hindi,s0ul6zDjOoE,110429,1455,145,425,0,0.25,0.2096
No Tags,UCFq5vPnNRNNNysLrktz4aSw,Strong Medicine,27,A Doctor Discusses COVID Vaccine Safety,fYGCI553Z0M,103894,0,0,790,0,0,0
"['coronavirus update', 'Coronavirus Pandemic Update 118', 'covid 19 vaccine', 'COVID vaccine', 'coronavirus vaccine', 'mrna vaccine', 'vaccine coronavirus', 'vaccine update', 'vaccine COVID 19', 'pfizer covid 19 vaccine', 'coronavirus vaccines', 'covid-19 vaccine', 'covid vaccine news', 'moderna vaccine', 'pfizer vaccine', 'biontech vaccine', 'biontech', 'vaccines', 'vaccine pfizer', 'AstraZeneca', 'astrazeneca vaccine', 'DNA vaccine', 'sars cov 2 vaccine', 'moderna vaccine update', 'pfizer', 'vaccine', 'coronavirus', 'covid 19']",UCG-iSMVtWbbwDDXgXXypARQ,MedCram - Medical Lectures Explained CLEARLY,27,"Coronavirus Update 118: AstraZeneca DNA COVID 19 Vaccine Explained (vs. Pfizer / BioNTech, Moderna)",GOq8-FR8s1E,1205169,18272,960,3361,0,0,0
"['CNBC', 'business', 'news', 'finance stock', 'stock market', 'news channel', 'news station', 'breaking news', 'us news', 'world news', 'cable', 'cable news', 'finance news', 'money', 'money tips', 'financial news', 'Stock market news', 'stocks']",UCvJJ_dzjViJCoLf5uKUTwoA,CNBC,25,Why Pfizer And Moderna Can&#39;t Be Sued For Covid Vaccine Side Effects,nJbd402xj0Q,810820,6868,4497,8100,0,0,0
"['Closing Bell', 'CNBC', 'business news', 'finance stock', 'stock market', 'news channel', 'news station', 'breaking news', 'us news', 'world news', 'cable', 'cable news', 'finance news', 'money', 'money tips', 'financial news', 'stock market news', 'stocks', 'coronavirus pandemic', 'when will covid-19 end', 'first covid-19 vaccine', 'first person to get vaccine', 'is covid-19 vaccine safe', 'covid vaccine near me', 'covid vaccine approval', 'vaccine side effects', 'covid vaccine effective', 'pfizer', 'moderna', 'new strain', 'Joe biden']",UCrp_UI8XtuYfpiqluWLD7Lw,CNBC Television,25,President-elect Joe Biden gets first dose of Covid-19 vaccine,VHCQ3cM02DQ,463124,4098,6371,6597,0,0.25,-0.36368
"['covid', 'corona vaccine', 'india', 'vaccination', 'vaccination process', '3 room concept', 'dry run for corona', 'dry run', 'mock drill corona vaccine', 'hindi', 'dr.maulik shah', 'how to get vaccine', 'vaccine for india', 'indian vaccine', 'covishield', 'covaxin', 'covid vaccine', 'serum institute', 'bharat biotech']",UCTzf99EUGj8b843DRb3CJIw,GUJMOM TV,27,How will you get CORONA VACCINE in India? | Process of Corona Vaccination in India | Hindi,N6CaMz00JPw,155543,2034,223,250,0,0,0
"['CNBC', 'business', 'news', 'finance stock', 'stock market', 'news channel', 'news station', 'breaking news', 'us news', 'world news', 'cable', 'cable news', 'finance news', 'money', 'money tips', 'financial news', 'Stock market news', 'stocks', 'coronavirus outbreak china cases', 'coronavirus deaths', 'coronavirus stock picks', 'coronavirus vaccines', 'coronavirus travel', 'coronavirus pandemic', 'coronavirus lockdown', 'coronavirus flights', 'coronavirus vaccine cnbc']",UCvJJ_dzjViJCoLf5uKUTwoA,CNBC,25,What Is An mRNA Coronavirus Vaccine?,FWWPJ9TaRbA,773249,6831,1546,3779,0,0,0
No Tags,UCR-pqY8-Z1X4U4gooqE3NAw,theMercyChannel,29,For Media: COVID-19 Vaccine Video at Mercy,LKlKISrMD0Y,96201,413,121,155,0,0,0
"['covid19', 'vaccination', 'vaccine', 'covishield', 'covaxin', 'covid vaccination phase 2', 'elderly vaccination', 'india vaccination', 'vaccination in india', 'aarogysetu', 'cowin app']",UCTzf99EUGj8b843DRb3CJIw,GUJMOM TV,27,Corona Vaccination 2.0 | More Easier Now | Second Phase | For Elders | Hindi,_0QUH5p-c80,18494,249,17,41,0,0.25,0.03712
"['antivax', 'coronavirus', 'vaccine', 'conspiracy', 'alana newman', 'saad omer', 'andrew wakefield', 'plandemic', 'judy mikovits', 'truther', 'autism', 'joe pierre', 'fauci', 'anti vax', 'trump', 'donald trump', 'antivaxxers', 'antivaxxers coronavirus', 'covid', 'covid 19', 'covid 19 antivaxxers', 'coronavirus antivaxxers', 'bill gates', 'us', 'gdnpfpnewsus', 'gdnpfpnewsworld', 'antivax conspiracy', 'pfizer', 'pfizer vaccine', '2020', 'coronavirus vaccines', 'vaccines', 'moderna', 'scamdemic', 'anti vaxxers', 'oxford vaccine', 'dose', 'coronavirus vaccine', 'covid vaccine']",UCHpw8xwDNhU9gdohEcJu4aA,The Guardian,25,Why US anti-vaxxers will refuse the coronavirus vaccine,HFHBPvMRvX4,304849,3341,4324,6794,0,0,0
"['news with shepard smith', 'shepard smith', 'news', 'evening news', 'CNBC', 'business news', 'stock market', 'news station', 'breaking news', 'us news', 'world news', 'cable', 'cable news']",UCrp_UI8XtuYfpiqluWLD7Lw,CNBC Television,25,How the various Covid-19 vaccines work,yp9p0ieLZZ0,89860,602,88,330,0,0,0
"['Squawk on the Street', 'CNBC', 'business news', 'finance stock', 'stock market', 'news channel', 'news station', 'breaking news', 'us news', 'world news', 'cable news', 'finance news', 'money tips', 'financial news', 'stock market news', 'coronavirus pandemic', 'when will covid-19 end', 'first covid-19 vaccine', 'first person to get vaccine', 'is covid-19 vaccine safe', 'covid vaccine near me', 'covid vaccine approval', 'vaccine side effects', 'covid vaccine effective', 'pfizer', 'covid-19 relief bill']",UCrp_UI8XtuYfpiqluWLD7Lw,CNBC Television,25,Watch the first health workers receive Pfizer&#39;s Covid-19 vaccine in New York,iv30MVMOkuY,186367,1554,1178,3151,0,0.193181818,0.06016
"['covid vaccine', 'covid 19 vaccine india', 'covid 19 vaccine', 'coronavirus vaccine', 'covid-19 vaccine', 'covid vaccine trials in india', 'covid 19', 'coronavirus in india', 'vaccine covid 19 india', 'covid 19 vaccine update', 'coronavirus cases in india', 'covid 19 vaccine update news', 'covid vaccine india', 'vaccine', 'covid 19 vaccine news', 'covid 19 vaccine human trial in india', 'oxford covid-19 vaccine', 'corona vaccine india', 'india coronavirus vaccine', 'coronavirus vaccine india', 'india tv']",UCttspZesZIDEwwpVIgoZtWQ,IndiaTV,25,Pakistan public prefer India&#39;s covid vaccine over chinese,_ehvah8RCWM,1893461,32963,2588,3170,0,0,0
"['British TV', 'British TV Shows', 'Watch UK TV Online', 'Watch British TV Online', 'boris johnson coronavirus', 'coronavirus uk', 'boris johnson corona', 'corona', 'coronavirus lockdown', 'where is coronavirus', 'coronavirus uk lockdown', 'coronavirus uk news', 'coronavirus uk latest news', 'coronavirus uk update', 'breaking news live', 'breaking news bbc']",UCCj956IF62FbT7Gouszaj9w,BBC,25,Covid-19: Oxford-AstraZeneca coronavirus vaccine approved for use in UK ð´ @BBC News live - BBC,zkjnPCREQSc,263789,2156,825,2230,0,0.136363636,0.10648
"['coronavirus update', 'Coronavirus Pandemic Update 119', 'covid 19 vaccine', 'COVID vaccine', 'coronavirus vaccine', 'mrna vaccine', 'vaccine coronavirus', 'vaccine update', 'vaccine COVID 19', 'pfizer covid 19 vaccine', 'coronavirus vaccines', 'covid-19 vaccine', 'covid vaccine news', 'moderna vaccine', 'pfizer vaccine', 'biontech vaccine', 'biontech', 'vaccines', 'vaccine pfizer', 'sars cov 2 vaccine', 'moderna vaccine update', 'pfizer', 'vaccine', 'coronavirus', 'covid 19', 'Rna vaccine', 'vaccine distribution', 'vaccine covid']",UCG-iSMVtWbbwDDXgXXypARQ,MedCram - Medical Lectures Explained CLEARLY,27,Coronavirus Update 119: Pfizer BioNTech COVID Vaccine (Clinical Considerations),mOmtZ_p6alU,211779,4213,244,1032,0,0,0
"['British TV', 'British TV Shows', 'Watch UK TV Online', 'Watch British TV Online', 'boris johnson coronavirus', 'coronavirus uk', 'boris johnson corona', 'corona', 'coronavirus lockdown', 'where is coronavirus', 'coronavirus uk lockdown', 'coronavirus uk news', 'coronavirus uk latest news', 'coronavirus uk update', 'breaking news live', 'breaking news bbc']",UCCj956IF62FbT7Gouszaj9w,BBC,25,Covid-19 vaccine: First person receives Pfizer Covid-19 vaccine in UK ð´ @BBC News live - BBC,aWAly3INavM,883910,7887,4382,7926,0,0.193181818,0.5608
"['GAVI', 'Alliance', 'types of vaccines', 'vaccines', 'virus', 'covid-19', 'immunity', 'antigen', 'protein', 'spike protein', 'whole virus', 'whole virus vaccine', 'weakened virus', 't-cells', 'antibodies', 'cells', 'memory cells', 'protein subunit vaccines', 'b-cells', 'b cell', 'shot', 'jab', 'strong', 'boost', 'viral vector', 'viral vector vaccine', 'rna', 'mrna', 'pathogen', 'adjuvants', 'nucleic acid', 'nucleic acid vaccine', 'gene gun', 'explainer', 'simple']",UCe7zpKgGM4RNBYK0ryXttLQ,"Gavi, the Vaccine Alliance",29,There are four types of COVID-19 vaccines: hereâs how they work,lFjIVIIcCvc,1212155,9063,4857,2755,0,0,0
"['The Economist', 'Economist', 'Economist Films', 'Economist Videos', 'Politics', 'News', 'short-documentary', 'covid-19', 'covid 19', 'coronavirus', 'covid', 'vaccine', 'covid19', 'coronavirus news', 'coronavirus update', 'coronavirus us', 'coronavirus outbreak', 'covid-19 vaccinations', 'covid-19 vaccine news', 'coronavirus vaccine', 'covid vaccine', 'covid-19 vaccine', 'vaccines', 'covid 19 vaccine', 'are vaccines safe']",UC0p5jTq6Xx_DosDFxVXnWaQ,The Economist,25,Covid-19: what will it take to vaccinate the world? | The Economist,X5ZmfC2_j9I,214948,3968,976,1303,0,0,0
"['vaccine', 'coronavirus vaccine', 'vaccine side effects', 'anti vaxxers', 'vaccine side effect', 'vaccine covid', 'covid vaccine', 'vaccine fears', 'vaccine long term', 'long term side effects', 'vaccinantion', 'vaccine sceptics', 'covid 19 vaccine', 'would you get vaccinated', 'vaccine update', 'vaccine facts', 'pfizer vaccine']",UCknLrEdhRCp1aegoMqRaCZg,DW News,25,"Coronavirus vaccines: Fears, fact and fiction | DW News",RvzvYvYeEJA,55254,773,216,702,0,0,0
"['covid vaccine', 'coronavirus vaccine', 'covid19', 'covid', 'covid vaccine side effects', 'what to expect with the covid vaccine', 'covid19 vaccine', 'covid 19 vaccine', 'COVID', 'mrna vaccine', 'how vaccines work', 'coronavirus', 'pandemic', 'plandemic', 'covid pandemic', 'cnn covid', 'how to cure covid', 'covid symptoms', 'covid 19 symptoms', 'science', 'medicine', 'pfizer', 'pfizer vaccine', 'moderna', 'moderna vaccine', 'doctor explains', 'pro vaccine', 'covid shot', 'flu shot', 'vaccines explained']",UCiPW7OlzTfQjR_vLlkYPZCg,Dr. Cellini,27,My COVID VACCINE Side Effects,E-TuA4ZfN10,158864,1874,592,1967,0,0,0
"['UC Davis', 'UC Davis Health', 'UC Davis Medical Center', 'Academic Medicine', 'coronavirus', 'covid-19', 'vaccine', 'fda', 'messenger rna', 'side effects', 'moderna', 'astrazeneca', 'astra zeneca', 'pfizer', 'coronavirus update', 'vaccine update', 'california', 'sacramento', 'vaccine distribution', 'hospitals', 'healthcare workers', 'trials', 'vaccine side effects', 'when can I get a covid vaccine?', 'rna', 'how does a covid vaccine work?', 'covid update', ""children's hospital"", 'nursing homes', 'skilled nursing facilities', 'herd immunity']",UCXfbA0e9mbDHdnkESSg8DGg,UC Davis Health,28,Coronavirus: Your COVID-19 Vaccine Questions Answered,KCMsE74yPj0,354933,0,0,1873,0,0,0
"['Coronavirus', 'covid-19', 'coronavirus research', 'covid-19 research', 'coronavirus vaccine', 'coronavirus treatment', 'covid-19 treatment', 'antibodies', 'coronavirus update', 'coronavirus latest', 'news coronavirus', 'coronavirus usa', 'coronavirus tips', 'explainer', 'spike protein', 'how the coronavirus works', 'coronavirus anatomy', 'coronavirus animation', 'coronavirus easy to understand', 'coronavirus for kids', 'mRNA Vaccine', 'Moderna Vaccine', 'pfizer vaccine', 'vaccine safety', 'Scripps', 'how covid 19 vaccine works']",UCYZkc-c8pRYOb-45g52Gegg,Scripps Research,28,"How vaccines work against COVID-19: Science, Simplified",uWGTciX795o,212595,1590,123,88,0,0,0
"['bbc', 'bbc news', 'news', 'Covid', 'Covid-19', 'coronavirus', 'pandemic', 'vaccine', 'pfizer', 'mandatory']",UC16niRr50-MSBwiO3YDb3RA,BBC News,25,Will a Covid vaccine be mandatory? - BBC News,bXtL5b4TkUQ,158603,965,3078,5589,0,0,0
"['healthcare workers on vaccination', 'healthcare workers react on getting covid vaccine', 'india covid-19 vaccine drive day 3', 'healthcare workers covid vaccine shot', 'vaccination for covid-19', 'covid 19 vaccination', 'covid-19 vaccination drive news latest update', 'covid 19 vaccination programme', 'covid-19 vaccine latest update', 'health workers wait and watch approach', 'pm narendra modi', 'coronavirus vaccination drive', 'india today', 'india today news', 'india today live news', 'newsmo']",UCYPvAwZP8pZhSMW8qs7cVCw,India Today,25,Coronavirus Vaccines: Who Shouldn&#39;t Take The Indian Covid Vaccines? | NewsMo,BxUyugJV59w,227509,1148,110,235,0,0,0
"['NDTV 24x7', 'Bhopal', 'coronavirus', 'coronavirus vaccine', 'covid vaccine trail', 'Covid-19', 'Madhya Pradesh', 'Covid Vaccine', 'Coronavirus', ""India's Serum Institute"", 'Oxford coronavirus vaccine', 'Coronavirus Vaccine', 'Oxford Vaccine', 'Covishield Vaccine', 'Serum Institute', 'Covid-19 News', 'Covid-19 India Update', 'coronavirus lockdown', 'COVID-19', 'Coronavirus India Updates', 'Coronavirus India', 'Covid-19 Cases', 'Coronavirus India Cases', 'Coronavirus Updates', 'TV CLIP']",UCZFMm1mMw0F81Z37aaEzTUA,NDTV,25,&quot;Nobody Said It&#39;s A Trial&quot;: A New Covid Vaccine Controversy In Bhopal,2ewylBbJhxs,12829,337,23,95,0,0.136363636,0.02512
"['coronavirus', 'covid 19 prevention', 'coronavirus update', 'Coronavirus Pandemic Update 117', 'covid 19', 'coronavirus outbreak', 'covid 19 vaccine', 'COVID vaccine', 'coronavirus vaccine', 'mrna vaccine', 'vaccine coronavirus', 'vaccine update', 'vaccine COVID 19', 'vaccine covid', 'pfizer covid 19 vaccine', 'coronavirus vaccines', 'covid-19 vaccine', 'covid vaccine news', 'moderna', 'moderna vaccine', 'moderna vaccine update', 'pfizer vaccine', 'biontech vaccine', 'biontech', 'pfizer', 'vaccine', 'vaccines', 'vaccine pfizer']",UCG-iSMVtWbbwDDXgXXypARQ,MedCram - Medical Lectures Explained CLEARLY,27,Coronavirus Update 117: Moderna vs. Pfizer COVID 19 Vaccine (mRNA vaccines),eZvsqBCvB00,901408,12565,627,1810,0,0,0
"['British TV', 'British TV Shows', 'Watch UK TV Online', 'Watch British TV Online', 'boris johnson coronavirus', 'coronavirus uk', 'boris johnson corona', 'corona', 'coronavirus lockdown', 'where is coronavirus', 'coronavirus uk lockdown', 'coronavirus uk news', 'coronavirus uk latest news', 'coronavirus uk update', 'breaking news live', 'breaking news bbc', 'coronavirus vaccine']",UCCj956IF62FbT7Gouszaj9w,BBC,25,UK first in the world to approve Covid vaccine ð´ @BBC News - BBC,fmuHAogT-Yw,355751,2919,1722,3999,0,0.25,0.19152
"['covid 19 vaccine', 'COVID vaccine', 'coronavirus vaccine', 'mrna vaccine', 'vaccine coronavirus', 'vaccine COVID 19', 'pfizer covid 19 vaccine', 'coronavirus vaccines', 'covid-19 vaccine', 'vaccine pfizer', 'Rna vaccine', 'vaccine covid', 'side effects of covid 19 vaccine', 'rna vaccines explained', 'vaccine safe', 'vaccine safety', 'COVID vaccine safe', 'covid 19 vaccine safe', 'vaccine side effects', 'COVID 19 Vaccine Deep Dive', 'biontech vaccine', 'moderna vaccine', 'pfizer vaccine', 'covid 19 vaccine mechanism']",UCG-iSMVtWbbwDDXgXXypARQ,MedCram - Medical Lectures Explained CLEARLY,27,"COVID 19 Vaccine Deep Dive: Safety, Immunity, RNA Production, (Pfizer Vaccine / Moderna Vaccine)",eK0C5tFHze8,1498731,23906,3053,1070,0,0,0
"['NDTV 24x7', 'Arvind Kejriwal', 'Delhi Covid vaccination', ""India's Vaccination Process"", 'Covid Vaccine Rollout', 'Coronavirus Vaccine', 'Covid Vaccination Plan', 'Serum Institute', 'Covid Vaccine', 'Vaccination in Delhi', 'Covid-19 Vaccination', 'Coronavirus News', 'Kejriwal Vaccination', 'Top News Of The Day', 'Corona Vaccine', 'Covid-19', 'Covid-19 News', 'COVID-19', 'Coronavirus Lockdown', 'Coronavirus India Updates', 'Coronavirus India', 'Covid-19 Cases', 'Coronavirus India Cases', 'Coronavirus Updates']",UCZFMm1mMw0F81Z37aaEzTUA,NDTV,25,Arvind Kejriwal On Covid Vaccine Drive: Vaccination In Delhi 4 Times A Week,AIh9sARIpRs,20489,455,32,41,0,0,0
"['CNBC', 'business', 'news', 'finance stock', 'stock market', 'news channel', 'news station', 'breaking news', 'us news', 'world news', 'cable', 'cable news', 'finance news', 'money', 'money tips', 'financial news', 'Stock market news', 'stocks', 'coronavirus pandemic', 'when will covid-19 end', 'is covid-19 vaccine safe', 'covid vaccine near me', 'vaccine side effects', 'covid vaccine effective', 'pfizer', 'moderna', 'new strain', 'covid variants', 'vaccine rollout']",UCvJJ_dzjViJCoLf5uKUTwoA,CNBC,25,What Went Wrong With The U.S. Coronavirus Vaccine Rollout?,FCQip2MeUm4,232836,2230,860,1431,0,-0.5,-0.548
"['Coronavirus', 'India', 'Pakistan', 'Made In India', 'Vaccine', 'corona india vaccine', 'coronavirus', 'covid vaccine', 'coronavirus vaccine', 'Foreign Ministry', 'Made in India corona vaccine', 'covid-19', 'made in india corona vaccine', 'covid-19 test', 'pandemic', 'abp news live', 'abp live', 'abp news', 'live news hindi', 'hindi news live', 'abp live news', 'à¤à¤¬à¥à¤ªà¥ à¤¨à¥à¤¯à¥à¤à¤¼ à¤²à¤¾à¤à¤µ', 'live abp news', 'à¤²à¤¾à¤à¤µ à¤¨à¥à¤¯à¥à¤à¤¼', 'abp hindi live', 'abp', 'live news']",UCRWFSbif-RFENbBrSiez1DA,ABP NEWS,25,Whether to take Made in India corona vaccine or not? Pak High-Commission to Foreign Ministry,aUsIN3U4nnk,26961,303,61,48,0,-0.125,-0.01936
"['Vaccines', 'COVID-19', 'COVID-19 vaccines', 'COVID-19 vaccine side effects', 'Covaxin side effects', 'Covishield side effects', 'Side effects of vaccines', 'Oxford vaccine', 'Serum Institute of India vaccine', 'Bharat Biotech vaccine', 'The Hindu', 'The Hindu videos', 'The Hindu study IQ', 'Indian vaccines', 'Indian COVID-19 vaccines', 'COVISHIELD', 'Covaxin', 'Side-effects of Coronavirus', 'Coronavirus vaccine India', 'Side effects of Coronavirus vaccine', 'Vaccination', 'Coronavirus vaccination']",UC3njZ48-FDxLleBYaP0SZIg,The Hindu,25,What are the side effects of the two COVID-19 vaccines rolled out in India?,Idy1WaAYOcA,38105,774,29,57,0,0,0
"['vaccine side effects', 'vaccine safety', 'vaccine monitoring', 'vaccine safety monitoring', 'vaccine testing', 'coronavirus vaccine', 'coronavirus update', 'covid 19', 'coronavirus pandemic', 'coronavirus', 'pandemic', 'lockdown', 'astrazenica', 'condia desinformation', 'covid vaccination', 'coronavirus vaccination drive', 'vaccination progress', 'vaccine distribution', 'coronavirus news', 'covid 19 vaccine']",UCknLrEdhRCp1aegoMqRaCZg,DW News,25,Mapping coronavirus vaccination progress and vaccine distribution | COVID-19 Special,6ixFjJmOx7g,94194,883,126,334,0,0.357142857,0.24224
"['factcheck', 'fact check', 'india today fact check', 'Karnataka Officials Posing For Covid-19 Vaccine', 'Tumakaru Officials Posing For Covid-19 Vaccine', 'Officials Posing For Covid-19 Vaccine', 'Covid-19 vaccines', 'India Today Anti Fake News War Room', 'india today', 'india today news', 'india today headlines', 'india today live', 'india today english news', 'indian news live', 'india news live', 'today news', 'india news', 'news today']",UCYPvAwZP8pZhSMW8qs7cVCw,India Today,25,Fact Check: These Officials Posing For Covid-19 Vaccine Is Not What It Looks Like | India Today,uDfv_BT6aIg,23922,138,52,45,0,0,0
"['Coronavirus vaccine UK', 'Covid vaccine in India', 'Corona Vaccine India', 'Pfizer', 'Coronavirus', 'Covid-19', 'Britain coronavirus update', 'pfizer coronavirus vaccine', 'pfizer coronavirus vaccine allergy', 'pfizer vaccine covid', 'pfizer vaccine covid news hindi', 'pfizer vaccine covid update', 'pfizer coronavirus vaccine britain', 'pfizer corona vaccine latest news', 'pfizer corona vaccine in hindi', 'russia sputnik vaccine', 'namaste bharat', 'abp news', 'abp news hindi', 'breaking news', 'top news']",UCRWFSbif-RFENbBrSiez1DA,ABP NEWS,25,AIIMS Prof. Puneet Mishra Talks About Side-Effects Of Covid Vaccine | ABP News,eE-R8Tsk6CI,61819,616,83,73,0,0,0
"['Gulf News', 'UAE', 'Middle East', 'Dubai', 'news', 'UAE news', 'Dubai news', 'United Arab Emirates', 'how to register for pfizer vaccine in dubai', 'Pfizer vaccine covid', 'Pfizer', 'Pfizer covid 19 vaccine', 'Pfizer coronavirus vaccine', 'coronavirus', 'Covid-19', 'pfizer vaccine dubai', 'pfizer vaccine uae', 'pfizer covid vaccine dubai', 'how to get pfizer vaccine in dubai', 'pfizer vaccine covid side effects', 'how pfizer vaccine works', 'pfizer vaccine covid how it works', 'pfizer coronavirus vaccine', 'coronavirus vaccine']",UCXTuTQZarVcFR_fgQXvsLpw,Gulf News,25,Dubai: How to book appointment for Pfizer vaccine,FNGopg-vKJo,26361,138,7,8,0,0,0
"['covid vaccine', 'private hospitals', 'private hospitals during covid', 'price of coronavirus vaccine', 'Price Of Covid Vaccine', 'private hospitals covid vaccine', 'coronavirus vaccination in private hospitals', 'covid vaccination', 'covid hospitals', 'pvt hospitals covid vaccination price', 'india covid vaccine plan', 'india covid vaccine price', 'covid vaccine prices', 'coronavirus private hospitals news', 'covid vaccine in india', 'india today', 'india today news', 'india today headlines', 'india today live']",UCYPvAwZP8pZhSMW8qs7cVCw,India Today,25,Covid Vaccine May Cost Rs 250 Per Dose In Private Hospitals | Breaking News | India Today,O4jtFiz19kE,21532,55,21,25,0,0,0
"['china vaccine', 'al jazeera', 'china news', 'health', 'aljazeera', 'asia-pacificnews', 'coronavirus', 'aljazeera english', 'al jazeera english', 'chinese covid-19 vaccine', 'covid-19 vaccine', 'aljazeera news', 'asia-pacific', 'china', 'china latest news', 'coronavirus vaccine', 'sinovac', 'aljazeera live', 'covid vaccine']",UCNye-wNBqNL5ZzHSJj3l8Bg,Al Jazeera English,25,China sends millions of COVID vaccine doses to several countries,#NAME?,51373,401,383,539,0,0,0
"['corona vaccine latest update', 'covid 19 vaccine update', 'à¤à¥à¤°à¥à¤¨à¤¾ à¤µà¥à¤à¥à¤¸à¥à¤¨', 'covid 19 vaccine how it works', 'coronavirus vaccine', 'covid vacccine', 'corona vaccine effect', 'corona vaccine ke side effects', 'corona vaccine kya hai', 'coronavirus vaccine safe', 'à¤à¥à¤°à¥à¤¨à¤¾ à¤à¥ à¤µà¥à¤à¥à¤¸à¥à¤¨ à¤à¤¾ à¤¨à¤¾à¤® à¤à¥à¤¯à¤¾ à¤¹à¥', 'vaccine kya hai samjhao', 'what is vaccine', 'what is vaccine for covid 19', 'vaccine for covid 19 update', 'corona after covid vaccine', 'vaccine faq', 'coronavirus vaccine update', 'corona vaccine news']",UCGlsl2YPuCvklhbUWu1vuqQ,Practo,28,"COVID-19 Vaccine Latest Update in Hindi: Side Effects, Effectiveness, &amp; Dose || Practo",gA_KTX8kcZ4,35828,401,27,44,0,0.5,0.1496
"['arab news', 'politics', 'covid', 'netanyahu', 'aljazeera', 'aljazeera english', 'al jazeera english', 'virus', 'benjamin', 'aljazeera live', 'corona', 'israel news', 'al jazeera', 'covid-19', 'health', 'coronavirus', 'middleeastnews', 'palestine news', 'palestine', 'aljazeera news', 'middle east', 'israel']",UCNye-wNBqNL5ZzHSJj3l8Bg,Al Jazeera English,25,"Netanyahu gets COVID vaccine, starts Israel roll-out",3QT-FptC28M,15073,125,186,236,0,0,0
"['fauci', 'covid-19', 'pfizer', 'vaccine', 'herd', 'immunity', 'efficacy', 'advice', 'fats', 'side', 'effects', 'gma', 'abc', 'news', 'p_cmsid=2494279', 'p_vid=news-74733625', 'coronavirus task force', 'operation warp speed', 'biontech', 'moderna', 'biden vaccine', 'harris vaccine', 'trump vaccine', 'us news', 'vaccine lates', 'vaccine update', 'good morning america', 'is the covid vaccine safe']",UCH1oRy1dINbMVp3UFWrKP0w,Good Morning America,24,Fauci on what to know about COVID-19 vaccine l GMA,V8WcEgktlLg,555472,3115,4180,5435,0,0,0
"['covid', 'covid-19', 'coronavirus', 'mrna vaccines', 'is covid vaccine safe?', 'is covid vaccine effective?', 'is covid vaccine safe for pregnant women?', 'pfizer vaccine', 'moderna vaccine']",UC4p6bEngiRCN7TyTxZVJ3OQ,JAMA Network,28,Your COVID Vaccine Questions Answered,KVLndvFlvEI,785791,6537,7196,146,0,0,0
"['coronavirus', 'covid', 'COVID-19', 'corona', 'vaccines', 'mRNA', 'DNA', 'viral vector', 'virus vector', 'genetic vaccines', 'vaccine platforms', 'next generation vaccines', 'adenovirus vector', 'vaccine trials', 'Moderna vaccine', 'Pfizer vaccine', 'NIH vaccine', 'Johnson & Johnson vaccine', 'Janssen vaccine', 'AstraZeneca vaccine', 'University of Oxford vaccine', 'phase 3 trials', 'BC-6194732541001', 'biotech', 'biotechnology', 'Ebola', 'coronavirus vaccine']",UC4p6bEngiRCN7TyTxZVJ3OQ,JAMA Network,28,Coronavirus Vaccines - An Introduction,KMc3vL_MIeo,9935176,44236,18531,2847,0,0,0
"['the korea times', 'korea times', 'ì½ë¦¬ìíìì¤', 'ì½ë¦¬ìíìì¦', 'coronavirus', 'covid19', 'coronavirus in korea', 'coronavirus expert interview', 'all about covid19', 'covid19 myths', 'coronavirus in italy', 'dr djaballah', 'virologist coronavirus', 'coronavirus vaccine', 'ì½ë¡ëë°ì´ë¬ì¤ ë°±ì ', 'ì½ë¡ëë°ì´ë¬ì¤ ì ë¬¸ê° ì¸í°ë·°', 'ì½ë¡ëë°ì´ë¬ì¤ ìë°©íë ë°©ë²', 'ì½ë¡ëë°ì´ë¬ì¤ ë§ì¤í¬', 'coronavirus mask']",UCiOrOk3NQGW2GafvjLJknMA,THE KOREA TIMES ì½ë¦¬ìíìì¤,25,"&#39;Vaccines won&#39;t work&#39;: US virologist breaks down COVID-19, how to curb spread",LVBc7-Te_yA,4192770,48935,3423,11344,0,-0.155555556,-7.28192
"['motivational video', 'motivation', 'motivational speech', 'speech', 'motivational', 'success', 'inspirational video', 'motivational speeches', 'motivational speech for success', 'be inspired', 'motivation madness', '2020 motivation', 'motivational speech 2020', 'best of 2020', 'the truth about coronavirus', 'coronavirus', 'covid-19', 'covid19', 'covid-19 virus', 'Pandemic', 'outbreak', 'explained', 'coronavirus explained', 'covid-19 truth', 'china coronavirus', 'corona virus', 'steven gundry', 'london real']",UCHbq_l1qnuomfJCYQTsWf_Q,Motivation Madness,27,THE REAL TRUTH ABOUT CORONAVIRUS by Dr. Steven Gundry,gSKY4Oz9IXQ,3547928,40159,15669,20700,0,0.2,3.9184
"['local', 'news', 'COVID', 'covid19', 'covid-19', 'coronavirus.', 'coronavirus', 'tongue', 'swollen tongue']",UCXwRxm0zS0jBNTMOVI6xZJw,KHOU 11,25,COVID-19 survivor has rare side effect of COVID-19 treatment -- a massively swollen tongue,8SIbvEBH4fA,3365392,29574,1704,6101,0,0.15,4.4592
"['asapscience', 'asap science', 'asap science youtube', 'asap', 'science', 'coronavirus vaccine', 'what happens if you get coronavirus', 'the coronavirus explained and what you should do', 'how germs spread', 'pandemic', 'COVID-19', 'Vaccine', 'how do vaccines work', 'the coronavirus pandemic', 'covid vaccine', 'coronavirus vaccine update', 'is there a coronavirus vaccine', 'why fighting the coronavirus depends on you', 'how soap kills the coronavirus', 'the race to develop a coronavirus vaccie', 'fighting coronavirus']",UCC552Sd-3nyi_tk2BudLUzA,AsapSCIENCE,27,The Coronavirus Vaccine Explained | COVID-19,SSuxVwMkcpA,2296692,81016,3189,8564,0,0,0
"['Israel', 'covid 19', 'coronavirus', 'Israel biological institute', 'coronavirus antibody', 'coronavirus vaccine', 'à¤à¤à¤°à¤¾à¤à¤²', 'Covid-19', 'Covid-19 Vaccine', 'Isreal defense minister', 'naftali bennett claim', 'Isreal IIBR Corona vaccine', 'Coronavirus antibody', 'Covid-19 Vaccine patent', 'à¤à¥à¤°à¥à¤¨à¤¾ à¤µà¤¾à¤¯à¤°à¤¸ à¤à¥ à¤µà¥à¤à¥à¤¸à¥à¤¨', 'Coroanvirus cases', 'discovery', 'defense minister', 'Israel Developed Coronavirus Vaccine', 'israel coronavirus vaccine', 'covid 19 vaccine', 'coronavirus vaccine israel', 'coronavirus update']",UCUwiVO9Uq7ks1LWHHY7ZARQ,Webdunia Hindi,25,Covid19 Vaccine: Israel à¤à¥ Defence Minister à¤¨à¥ à¤à¤¿à¤¯à¤¾ Corona à¤à¤¾ à¤à¥à¤à¤¾ à¤¬à¤¨à¤¾à¤¨à¥ à¤à¤¾ à¤¦à¤¾à¤µà¤¾,FzqM_rA-aew,2185617,9532,1813,311,0,0,0
"['covid-19 in india', 'covid-19 cases in india', 'coronavirus cases in india', 'coronavirus in india', 'covid-19 india update', 'covid-19', 'covid19 update', 'covid-19 cases', 'covid 19 india', 'coronavirus india', 'covid-19 india updates', 'covid update', 'covid-19 updates', 'covid-19 update', 'covid-19 pandemic', 'covid-19 india', 'coronavirus update', 'corona update', 'coronavirus india updates', 'covid-19 cases india']",UCJEDFSxHHOW1PpBccdSxOTA,IndianExpressOnline,25,Coronavirus Update Feb 13: IndiaÂ begins administering second dose of Covid-19 vaccine,Qy3cKcZLWco,1842132,1840,723,128,0,0,0
"['covid 19', 'seema yasmin', 'corona virus', 'dr seema', 'dr seema yasmin', 'coronavirus vaccine', 'corona vaccine', 'covid 19 vaccine', 'covid 19 vaccine side effect video', 'covid 19 vaccine explained', 'covid 19 vaccine side eff', 'coronavirus update', 'covid-19 vaccine psa', 'covid 19 vaccine news', 'covid-19 vaccine technology', 'covid-19 virus', 'covid-19 updates', 'covid-19 news', 'dr. mike', 'doctor mike', 'mike varshavski', 'mikhail varshavski', 'corona vaccine effect', 'stanford center health education']",UC0QHWhjbe5fGJEPz3sVb6nw,Doctor Mike,27,The Truth About COVID-19 Vaccines ft. Dr. Seema Yasmin,tvrDH67EyRA,1649570,39794,14249,17842,0,0,0
"['Norway', 'Pfizer Covid-19 Vaccine', 'Pfizer BioNTech Vaccine', 'Covid-19 vaccine', 'Vaccine deaths in Norway', 'vaccine safety', 'Pfizer vaccine safety', 'Norwegian Institute of Public Health', 'Norwegian Medicines Agency', 'Moderna coronavirus vaccine', 'Norway Pfizer Vaccine death', 'European Medicines Agency', 'coronavirus vaccine', 'norway vaccine', 'vaccine safety Pfizer', 'norway news', 'pfizer share latest news', 'pfizer news', 'norway coronavirus', 'side effects of pfizer vaccine']",UC3prwMn9aU2z5Y158ZdGyyA,CRUX,25,Vaccine Side Effect? Norway Sounds Alarm As 23 Elderly Patients Die After Receiving Pfizer Vaccine,3Rfq53yj7Ho,1458524,14529,1282,9764,0,0,0
"['science', 'joe hanson', ""it's okay to be smart"", 'covid', 'vaccine', 'coronavirus vaccine', 'coronavirus', 'corona', 'covid 19 vaccine', 'virus', 'covid 19', 'pbs', 'its okay to be smart', 'its ok to be smart', ""it's ok to be smart"", 'pbs digital studios', 'covid-19', 'coronavirus update', 'biology', 'coronavirus pandemic', 'vaccines', 'covid vaccine']",UCH4BNI0-FOK2dMXoFtViWHw,It's Okay To Be Smart,27,Inside the Lab That Invented the COVID-19 Vaccine,-92HQA0GcI8,1428428,53442,1904,7176,0,0,0
"['try guys', 'keith', 'ned', 'zach', 'eugene', 'habersberger', 'fulmer', 'kornfeld', 'yang', 'buzzfeedvideo', 'buzzfeed', 'ariel', 'ned & ariel', 'comedy', 'education', 'funny', 'try', 'learn', 'fail', 'experiment', 'test', 'tryceratops', 'fauci', 'vaccine', 'covid 19', 'vaccine news', 'health', 'health news', 'dr fauci', 'doctor fauci', 'dr anthony fauci', 'interview', 'covid', 'moderna', 'biontech', 'new covid strain', 'israel vaccination', 'vaccine production', 'joe biden vaccine', 'covid vaccine', 'new strain', 'pfizer', 'kamala harris vaccine', 'vaccine rollout']",UCpi8TJfiA4lKGkaXs__YdBA,The Try Guys,23,Try Guys Debunk COVID Vaccine Conspiracies With Dr. Fauci,NDuaiYf8WDQ,1356738,61069,19299,17191,0,0,0
"['Dhruv Rathee', 'Dhruv', 'Rathee', 'Dhruv Rathee latest video', 'india news live', 'indian youtuber', 'Narendra Modi', 'Rahul Gandhi', 'COVID-19 Vaccine Update', 'Covid-19 Vaccine', 'COVID vaccine', 'Coronavirus Vaccine', 'Pfizer Vaccine', 'Moderna Vaccine', 'Oxford Vaccine', 'When will we get COVID19 vaccine', 'Side effects of Vaccine', 'Are Vaccines safe', 'Bharat Biotech', 'India Covid19 vaccine', 'COVID19 Vaccine Update']",UC-CSyyi47VX1lD9zyeABW3w,Dhruv Rathee,25,COVID-19 Vaccine Update |Â Dhruv Rathee,kWws30Z6yo4,1295303,103598,4376,6028,0,0,0
"['itly', 'covid 19', 'vaccine', 'covid 19 vaccine', 'italy claims covid 19 vaccine', 'coronavirus vaccine', 'vaccine works on human', 'vaccine of coronavirus', 'coronavirus news', 'coronavirus vaccine news', 'coronavirus treatment', 'covid 19 treatment', 'covid 19 virus', 'coronavirus cure', 'coronavirus antidote', 'covid 19 antidote', 'Italy first vaccine', 'vaccine of corona', 'Italy news', 'italy coronavirus vaccine', 'italy claims to develop covid-19 vaccine', 'covid-19 vaccine italy', 'wion news today', 'wion news']",UC_gUM8rL-Lrg6O3adPW9K1g,WION,25,Italy claims first COVID-19 vaccine | Vaccine works on Humans | Covid 19 Vaccine | World News | Wion,X8GCRYl4X4o,1093553,12095,533,2270,0,0.25,1.84992
"['Norway', 'Pfizer Covid-19 Vaccine', 'Pfizer BioNTech Vaccine', 'Covid-19 vaccine', 'Vaccine deaths in Norway', 'vaccine safety', 'Pfizer vaccine safety', 'Moderna coronavirus vaccine', 'Norway Pfizer Vaccine death', 'European Medicines Agency', 'coronavirus vaccine', 'norway vaccine', 'vaccine safety Pfizer', 'pfizer share latest news', 'pfizer news', 'side effects of pfizer vaccine', 'covaxin side effects', 'covaxin', 'vaccination in india', 'bharath biotech', 'covishield', 'Serum institute of india', 'vacination news']",UC3prwMn9aU2z5Y158ZdGyyA,CRUX,25,Vaccine Makers Issue Warnings After Reports Of COVID-19 Vaccine Side Effects | CRUX,JHGv4CsmVEY,1030763,10977,604,3765,0,0,0
"['Vice', 'President', 'Mike', 'Pence', 'vaccine', 'Pfizer', 'Jerome', 'Adams', 'Karen', 'ABC', 'News', 'Breaking', 'covid-19', 'p_cmsid=2494279', 'p_vid=news-74798602', 'operation warp speed', 'karen pence', 'breaking news', 'us news', 'covid vaccine']",UCBi2mrWuNuyYy4gbM6fU18Q,ABC News,25,Vice President receives COVID-19 vaccine on live TV l ABC News,wmVg_8wUS9s,948396,5219,5021,9376,0,0.136363636,0.01584
"['health', 'disease', 'campbell', 'vaccine', 'covid vaccine', 'vaccine deaths', 'deaths', 'pandemic', 'coronavirus']",UCF9IOB2TExg3QIBupFtBDxg,Dr. John Campbell,27,Post vaccine deaths,SHH1vWD19Fw,951198,13966,6240,16007,0,0,0
"['video', 'cbs', 'news', 'cbs evening news', 'pharma', 'pfizer', 'vaccine', 'coronavirus', 'covid-19', 'united kingdom', 'england', 'National Health Service', 'health', 'pandemic', 'death toll', 'covid cases', 'positive cases', 'treatment']",UCAeWdyKJXGWmVAXFpgLNNTg,CBS Evening News,25,U.K. warns against Pfizer COVID-19 vaccine for those with severe allergies,Pd-iZ48Rf-I,921705,3858,2077,3629,0,0,0
"['Wion', 'world news', 'Wion News', 'Latest English News', 'International News', 'corona', 'coronavirus symptoms', 'coronavirus news', 'coronavirus vaccine', 'coronavirus treatment', 'covid 19 treatment', 'covid 19 symptoms', 'covid 19 virus', 'coronavirus disease', 'coronavirus china', 'coronavirus cure', 'coronavirus antidote', 'WION', 'wion news', 'Israel', 'israel coronavirus', 'covid-19 vaccine israel', 'israel coronavirus vaccine', 'coronavirus possible vaccine', 'israel scientists']",UC_gUM8rL-Lrg6O3adPW9K1g,WION,25,Israel claims &#39;significant breakthrough&#39; | Develops possible COVID-19 vaccine,Gweq8NyrUmM,917368,18035,652,3681,0,0,0
"['red hook tavern', 'news', 'nyc', 'new york city', 'brooklyn', 'covid-19 vacine', 'vaccine', 'covid vaccine']",UCxCfoSInadl-4i3F70zDt1A,NBC New York,25,NYC Restaurant Fires Woman for Refusing to Get COVID-19 Vaccine | NBC New York,aofIkQVQRFI,909037,6169,6861,13506,0,0.136363636,-0.05536
"['covid-19', 'vaccine', 'logistics', 'distribution', 'coronavirus', 'covid', 'airplanes', 'aviation', 'cold chain', 'thermal control', 'cold chain logistics', 'how the covid-19 vaccine will be distributed']",UC9RM-iSvTu1uPJb8X5yp3EQ,Wendover Productions,27,Distributing the COVID Vaccine: The Greatest Logistics Challenge Ever,byW1GExQB84,871797,29692,1399,3842,0,1,22.6344
"['otv', 'otv news', 'odisha tv', 'odishatv', 'odisha news', 'latest odisha news', 'odisha current news', 'breaking news odisha', 'otv odisha', 'odisha tv latest', 'latest news otv', 'latest odia News', 'naveen patnaik', 'bhubaneswar', 'bhubaneswar news', 'à¬à¬à¬¿à¬­à¬¿', 'à¬à¬¡à¬¿à¬¶à¬¾ à¬à¬¬à¬°', 'à¬à¬¡à¬¼à¬¿à¬ news', 'odisha corona update', 'subroto bagchi', 'odisha corona news', 'coronavirus news', 'covid-19', 'covid 19 update', 'cornavirus update', 'covid19 news', 'corona news update', 'corona latest update']",UCCgLMMp4lv7fSD2sBz1Ai6Q,OTV,25,Coronavirus Breakthrough- Italian Scientists Claim To Have Developed Worldâs 1st #COVID19 Vaccine,PE50uu102Bs,816669,20440,1160,797,0,0.05,0
"['vaccines', 'mrna', 'Covid-19', 'coronavirus', 'adenovirus', 'pandemic', 'vaccine', 'Pfizer', 'BioNTech', 'Moderna', 'AstraZeneca', 'Oxford', 'Johnson and Johnson', 'Vox.com', 'vox', 'explain', 'explainer', 'mrna vaccine animation', 'mrna stock', 'vox coronavirus', 'coronavirus vaccine', 'covid 19 vaccine', 'covid vaccine', 'covid vaccine explained', 'covid vaccine video', 'moderna vaccine', 'pfizer vaccine', 'pfizer vs moderna', 'mrna vaccine', 'astrazeneca vaccine', 'johnson and johnson vaccine', 'covid-19', 'vaccine for covid 19', 'vaccine history']",UCLXo7UDZvByw2ixzpQCufnA,Vox,27,"mRNA vaccines, explained",mvA9gs5gxNY,813098,26086,1122,2206,0,0,0
['news'],UCVxBA3Cbu3pm8w8gEIoMEog,ABC7,25,Moderna COVID-19 vaccine causes painful side effects in patients who have facial fillers | ABC7,tYJkhp8lGho,794226,2869,1044,1662,0,-0.35,-0.584
"['nurse', ""nurse won't get vaccine"", 'Boca Raton', 'Palm Beach County', 'Jean-Marie Nacer']",UC0bCUnP5RrkJZUtd3bBz6Kw,WPTV News - FL Palm Beaches and Treasure Coast,25,Palm Beach County nurse says she will &#39;absolutely not&#39; get coronavirus vaccine,vaJNP84xlRI,780589,8519,631,7681,0,0,0
"['dr. daniel hinthorn', 'dr. scott james', 'Physicians Resource Council', 'physicians resource council covid', 'covid-19 vaccine christian', 'covid-19 christian', 'what you need to know about covid-19', 'what you need to know about covid-19 vaccines', 'what to know about covid-19 vaccines', 'covid-19 vaccine pro-life', 'covid-19 fetus', 'covid-19 pro-life', 'covid-19 Physicians Resource Council', 'covid-19 advice', 'focus on the family', 'covid-19 vaccines: what you need to know', 'focus broadcast']",UCnJ4_k4JY_O45NdJHoLxjJA,Focus on the Family,29,COVID-19 Vaccines: What You Need to Know - Dr. Daniel Hinthorn &amp; Dr. Scott James,iJo6WnNICUc,719928,12569,3054,4785,0,0,0
"['Health', 'News', ""Editor's picks"", 'Big News', '3rd Hour of TODAY', 'Coronavirus', 'Today', 'coronavirus update', 'coronavirus us', 'coronavirus news', 'coronavirus latest news', 'coronavirus symptoms', 'cdc', 'quarantine', 'symptoms', 'social distancing', 'virus protection', 'outbreak', 'coronavirus outbreak', 'COVID-19', 'pandemic', 'coronavirus prevention', 'covid-19 updates', 'covid-19 outbreak', 'corona', 'The TODAY Show', 'TODAY Show', 'NBC', 'NBC News', 'Lifestyle', 'TODAY Show Interview', 'Hoda', 'Donna Farizan', 'Al Roker', 'tODAY show news']",UChDKyKQ59fYz3JO2fl0Z6sg,TODAY,25,Dr. Vin Gupta Gets COVID-19 Vaccine On-Air: âThis Is Going To Save Livesâ | TODAY,PmEJs9VS9jE,710017,4495,4454,6720,0,0,0
"['covid vaccine', 'coronavirus updates', 'covid-19 updates', 'Covaxin', 'covaxin news', 'covaxin bharat biotech', 'covaxine', 'covaxin tamil', 'covaxin india', 'covaxin vaccine tamil', 'covaxin vaccine', 'covaxing', 'corona vaccine', 'covid-19 vaccine', 'coronavirus', 'vaccine for covid 19 covaxin', 'covaxin vaccine for covid -19', 'covid-19', 'vaccine', 'coronavirus vaccine', 'covaxin in bharat biotech', 'covid 19 vaccine', 'india covid vaccine', 'india covid vaccine trial', 'india covid vaccine news', 'india covid vaccine test']",UCrC8mOqJQpoB7NuIMKIS6rQ,Study IQ education,27,"What is Covaxin? India&#39;s 1st indigenous Covid19 vaccine, Stages of vaccine testing explained #UPSC",FtX0mLCqKXU,682206,35469,574,1111,0,0,0
"['Ninja Nerd Lectures', 'Ninja Nerd', 'Ninja Nerd Science', 'education', 'whiteboard lectures', 'medicine', 'science', 'coronavirus', 'world news', 'covid-19', 'CNBC', 'vaccine', 'pfizer', 'breaking news', 'moderna', 'cable news', 'news station', 'stock market', 'moderna vaccine', '19 vaccines', 'stocks', 'biggest COVID-19 vaccines', 'COVID vaccine', 'us news', 'corona', 'SARS-CoV-2', 'BIONTECH', 'astrazeneca', 'oxford university', 'COVID-19', 'operation warp speed', 'fauci', 'pandemic', 'coronavirus vaccine']",UC6QYFutt9cluQ3uSM963_KQ,Ninja Nerd Lectures,27,COVID-19 Vaccines: MODERNA | PFIZER/BIONTECH | ASTRAZENECA,35Idb_lCU4o,689068,20683,440,2519,0,0,0
"['Yahoo Finance', 'Personal Finance', 'Money', 'Investing', 'Business', 'Savings', 'Investment', 'Stocks', 'Bonds', 'FX', 'Currencies', 'NYSE', 'Equities', 'News', 'Politics', 'Market', 'Markets', 'Yahoo FInance Premium', 'Stock market']",UCEAZeUIeJs0IjQiqTCdVSIg,Yahoo Finance,25,Coronavirus vaccine: Pfizer CEO discusses COVID-19 vaccine by end of November possibly,BKxnX3-yvng,636866,2979,1129,2009,0,0,0
"['CNBC', 'business', 'news', 'finance stock', 'stock market', 'news channel', 'news station', 'breaking news', 'us news', 'world news', 'cable', 'cable news', 'finance news', 'money', 'money tips', 'financial news', 'Stock market news', 'stocks', 'coronavirus deaths', 'coronavirus stock picks', 'coronavirus vaccines', 'coronavirus travel', 'coronavirus pandemic', 'coronavirus lockdown', 'coronavirus flights']",UCvJJ_dzjViJCoLf5uKUTwoA,CNBC,25,Will Covid-19 Vaccine Passports Work?,yIKWhp2_eyM,634657,3347,11040,7435,0,0,0
"['video', 'cbs', 'news', 'COVID-19 vaccine', 'coronavirus', 'healthcare', 'vaccine', 'hesitant']",UCAeWdyKJXGWmVAXFpgLNNTg,CBS Evening News,25,Some health care workers hesitant to receive COVID-19 vaccine,2fnRV8-ZWPI,560497,2359,3980,4221,0,0,0
"['CBS News', 'covid-19 vaccine', 'pfizer', 'biontech', 'coronavirus pandemic', '60 Minutes', 'bill whitaker', 'pharma']",UCsN32BtMd0IoByjJRNF12cw,60 Minutes,25,How the Pfizer-BioNTech COVID-19 vaccine was developed,AM3gSgvN2Fw,562415,5956,1102,2762,0,0.1,0.38832
"['covonavirus cases in Delhi', 'covid-19 vaccine', ""India's First Coronavirus Vaccine"", 'coronavirus vaccine', 'TV Clip', 'NDTV 24x7', 'covaxin', 'covid cure', 'covid vaccine', 'india covid vaccine', 'bharat biotech', 'ICMR', 'human trials', 'Indian Council of Medical Research', 'gargi rawat', 'NDTV', 'NDTV India', 'vaccine for covid 19']",UCZFMm1mMw0F81Z37aaEzTUA,NDTV,25,COVID-19 News: India&#39;s First Coronavirus Vaccine May Be Launched By August 15,YmdJT4feqm8,560394,4513,331,636,0,0.25,0.66912
"['BBC Hindi', 'hindi news', 'news in hindi', 'à¤­à¤¾à¤°à¤¤', 'à¤à¥à¤°à¥à¤¨à¤¾ à¤µà¤¾à¤¯à¤°à¤¸', 'à¤µà¥à¤à¥à¤¸à¥à¤¨', 'à¤à¥à¤°à¥à¤¨à¤¾ à¤µà¥à¤à¥à¤¸à¥à¤¨', 'à¤à¥à¤°à¥à¤¨à¤¾ à¤µà¥à¤à¥à¤¸à¥à¤¨ à¤¹à¥à¤¯à¥à¤®à¤¨ à¤à¥à¤°à¤¾à¤¯à¤²', 'à¤à¤®à¥à¤¸', 'à¤à¤®à¥à¤¸ à¤¦à¤µà¤¾', 'à¤­à¤¾à¤°à¤¤ à¤®à¥à¤ à¤à¥à¤°à¥à¤¨à¤¾', 'à¤à¥à¤µà¤¿à¤¡ 19 à¤à¤ªà¤¡à¥à¤', 'à¤¬à¥à¤¬à¥à¤¸à¥ à¤¹à¤¿à¤¨à¥à¤¦à¥', 'india', 'corona virus', 'aiims', 'corona in india', 'covid 19 update', 'bbc hindi', 'corona virus crisis', 'aiims delhi', 'face mask', 'old delhi', 'chandni chowk', 'à¤«à¥à¤¸ à¤®à¤¾à¤¸à¥à¤', 'à¤¸à¥à¤¨à¤¿à¤à¤¾à¤à¤à¤°', 'à¤à¥à¤°à¥à¤¨à¤¾ à¤®à¤¹à¤¾à¤®à¤¾à¤°à¥', 'Brazil', 'à¤¬à¥à¤°à¤¾à¤à¤¼à¥à¤²', 'à¤°à¥à¤¸ à¤µà¥à¤à¥à¤¸à¥à¤¨', 'corona vaccine', 'covid 19 vaccine', 'WHO', 'à¤µà¤¿à¤¶à¥à¤µ à¤¸à¥à¤µà¤¾à¤¸à¥à¤¥à¥à¤¯ à¤¸à¤à¤à¤ à¤¨']",UCN7B-QD0Qgn2boVH5Q0pOWg,BBC News Hindi,25,"Coronavirus India Update : Corona Virus à¤à¤¾ à¤¨à¤¯à¤¾ à¤°à¥à¤ª à¤à¤¿à¤¤à¤¨à¤¾ à¤à¤¼à¤¤à¤°à¤¨à¤¾à¤, Vaccine à¤à¤¾à¤® à¤à¤°à¥à¤à¥? (BBC Hindi)",p9CUe-FvbhI,2199130,0,0,1314,0,0,0
"['Bottom Line', 'CNBC', 'business news', 'finance stock', 'stock market', 'news channel', 'news station', 'breaking news', 'us news', 'world news', 'cable', 'cable news', 'finance news', 'money', 'money tips']",UCrp_UI8XtuYfpiqluWLD7Lw,CNBC Television,25,President Donald Trump comments on coronavirus vaccine progress,NIWnl5zLBIM,1372008,6857,9959,7153,0,0,0
"['CNBC', 'business', 'news', 'finance stock', 'stock market', 'news channel', 'news station', 'breaking news', 'us news', 'world news', 'cable', 'cable news', 'finance news', 'money', 'money tips', 'financial news', 'Stock market news', 'stocks']",UCvJJ_dzjViJCoLf5uKUTwoA,CNBC,25,How The U.S. Plans To Distribute Covid-19 Vaccines,TQFQwSENai8,1200905,7983,3191,8387,0,0,0
"['BBC Hindi', 'hindi news', 'news in hindi', 'à¤­à¤¾à¤°à¤¤', 'à¤à¥à¤°à¥à¤¨à¤¾ à¤µà¤¾à¤¯à¤°à¤¸', 'à¤µà¥à¤à¥à¤¸à¥à¤¨', 'à¤à¥à¤°à¥à¤¨à¤¾ à¤µà¥à¤à¥à¤¸à¥à¤¨', 'à¤à¥à¤°à¥à¤¨à¤¾ à¤µà¥à¤à¥à¤¸à¥à¤¨ à¤¹à¥à¤¯à¥à¤®à¤¨ à¤à¥à¤°à¤¾à¤¯à¤²', 'à¤à¤®à¥à¤¸', 'à¤à¤®à¥à¤¸ à¤¦à¤µà¤¾', 'à¤­à¤¾à¤°à¤¤ à¤®à¥à¤ à¤à¥à¤°à¥à¤¨à¤¾', 'à¤à¥à¤µà¤¿à¤¡ 19 à¤à¤ªà¤¡à¥à¤', 'à¤¬à¥à¤¬à¥à¤¸à¥ à¤¹à¤¿à¤¨à¥à¤¦à¥', 'india', 'corona virus', 'aiims', 'corona in india', 'covid 19 update', 'bbc hindi', 'corona virus crisis', 'aiims delhi', 'face mask', 'old delhi', 'chandni chowk', 'à¤«à¥à¤¸ à¤®à¤¾à¤¸à¥à¤', 'à¤¸à¥à¤¨à¤¿à¤à¤¾à¤à¤à¤°', 'à¤à¥à¤°à¥à¤¨à¤¾ à¤®à¤¹à¤¾à¤®à¤¾à¤°à¥', 'Brazil', 'à¤¬à¥à¤°à¤¾à¤à¤¼à¥à¤²', 'à¤°à¥à¤¸ à¤µà¥à¤à¥à¤¸à¥à¤¨', 'corona vaccine', 'covid 19 vaccine', 'WHO', 'à¤µà¤¿à¤¶à¥à¤µ à¤¸à¥à¤µà¤¾à¤¸à¥à¤¥à¥à¤¯ à¤¸à¤à¤à¤ à¤¨', 'narendra modi', 'covid vaccine']",UCN7B-QD0Qgn2boVH5Q0pOWg,BBC News Hindi,25,Coronavirus India Update : Corona Vaccine à¤à¥ à¤²à¤¿à¤ Pakistan à¤à¤à¤¼à¤¿à¤° India à¤¸à¥ à¤®à¤¦à¤¦ à¤à¥à¤¯à¥à¤ à¤¨à¤¹à¥à¤ à¤®à¤¾à¤à¤à¤¤à¤¾?,GbvRXG6SzOs,1147364,0,0,3489,0,0,0
"['Vox.com', 'vox', 'explain', 'explainer', 'covid-19', 'covid', 'coronavirus', 'vaccine', 'pfizer', 'biontech', 'moderna', 'astrazeneca', 'j&j', 'shot', 'side effects', 'adverse effects', 'feel sick', 'feel bad', 'immune system', 'explained', 'pain', 'muscle pain', 'paul offit', 'why you feel bad after a shot', 'vaccines', 'mrna', 'vaccine painful injection', 'vaccine for covid 19', 'covid 19 vaccine', 'covid vaccine', 'vaccine side effect', 'vaccine side effects', 'vaccine side effect covid', 'vaccine pain in arm', 'mrna vaccine', 'vaccine update', 'vaccine news']",UCLXo7UDZvByw2ixzpQCufnA,Vox,27,Vaccine side effects are actually a good thing,F6NKbQzo4aE,936141,27111,4047,7149,0,0.7,12.91584
"['BBC Hindi', 'hindi news', 'news in hindi', 'Coronavirus', 'India', 'Vaccine', 'USA', 'Trump', 'Vaccine Nationalism', 'à¤­à¤¾à¤°à¤¤', 'à¤à¥à¤°à¥à¤¨à¤¾ à¤µà¤¾à¤¯à¤°à¤¸', 'à¤µà¥à¤à¥à¤¸à¥à¤¨', 'à¤à¥à¤°à¥à¤¨à¤¾ à¤µà¥à¤à¥à¤¸à¥à¤¨', 'à¤à¥à¤°à¥à¤¨à¤¾ à¤µà¥à¤à¥à¤¸à¥à¤¨ à¤¹à¥à¤¯à¥à¤®à¤¨ à¤à¥à¤°à¤¾à¤¯à¤²', 'à¤à¤®à¥à¤¸', 'à¤à¤®à¥à¤¸ à¤¦à¤µà¤¾', 'à¤­à¤¾à¤°à¤¤ à¤®à¥à¤ à¤à¥à¤°à¥à¤¨à¤¾', 'à¤à¥à¤µà¤¿à¤¡ 19 à¤à¤ªà¤¡à¥à¤', 'à¤¬à¥à¤¬à¥à¤¸à¥ à¤¹à¤¿à¤¨à¥à¤¦à¥', 'india', 'corona virus', 'corona in india', 'covid 19 update', 'bbc hindi', 'corona virus crisis', 'aiims delhi', 'à¤«à¥à¤¸ à¤®à¤¾à¤¸à¥à¤', 'à¤¸à¥à¤¨à¤¿à¤à¤¾à¤à¤à¤°', 'à¤à¥à¤°à¥à¤¨à¤¾ à¤®à¤¹à¤¾à¤®à¤¾à¤°à¥', 'Brazil', 'à¤°à¥à¤¸ à¤µà¥à¤à¥à¤¸à¥à¤¨', 'corona vaccine', 'covid 19 vaccine', 'WHO', 'à¤µà¤¿à¤¶à¥à¤µ à¤¸à¥à¤µà¤¾à¤¸à¥à¤¥à¥à¤¯ à¤¸à¤à¤à¤ à¤¨', 'Pfizer', 'à¤«à¤¼à¤¾à¤à¤à¤¼à¤°']",UCN7B-QD0Qgn2boVH5Q0pOWg,BBC News Hindi,25,Coronavirus India Update : USA à¤®à¥à¤ à¤à¤ à¤¸à¥ à¤²à¤à¥à¤à¥ Corona Vaccine (BBC Hindi),yDM04zmCqvU,914848,0,0,255,0,0,0
"['coronavirus', 'covid19', 'pandemic', 'vaccination', 'megasite', 'vaccine', 'pentagon', 'troops', 'deploy', 'active duty', 'frontlines', 'distribution', 'casinos', 'baseball stadiums']",UC-SJ6nODDmufqBzPBwCvYvQ,CBS This Morning,25,"More COVID-19 vaccination megasites open, Pentagon deploys troops to assist",uMT0Npn4-jE,913018,2504,6149,4262,0,0.25,-0.5832
"['News', 'Politics', 'White House', 'Joe Biden', 'Coronavirus', 'Coronavirus - Politics', 'NBC News', 'nbc', 'breaking news', 'us news', 'world news', 'nightly news', 'current events', 'top stories', 'lester holt', 'coronavirus update', 'coronavirus us', 'coronavirus news', 'coronavirus latest news', 'coronavirus outbreak', 'coronavirus pandemic', 'coronavirus prevention', 'coronavirus explained', 'covid-19 news', 'covid-19 updates', 'covid-19 outbreak', 'Covid-19 Vaccinations', 'President Biden', 'covid-19 vaccine news']",UCeY0bbntWzzVIaj2z3QigXg,NBC News,25,Biden Unveils National Strategy For Covid-19 Vaccinations | NBC News,BE8iGthT5ns,897710,8938,20509,11679,0,0,0
"['covid-19 vaccine', 'covid-19', 'vaccine', 'coronavirus vaccine', 'covid-19 vaccine volunteers', '23 die in norway pfizer vaccine', 'pfizer vaccine', 'covid-19 in norway', 'pfizer vaccine norway', 'pfizer covid vaccine', 'covid19', 'vaccines', 'covid-19 vaccine rollout', 'covid-19 vaccine research', 'norway', 'covid-19 vaccine trials', 'covid-19 vaccine nurses', 'covid-19 vaccine canada', 'covid-19 in finland', 'corona vaccine', 'norway probing deaths two people who received pfizers covid-19 vaccine', 'covid vaccine']",UCumtYpCY26F6Jr3satUgMvA,NTV Telugu,25,à°¨à°¾à°°à±à°µà± à°²à± à°µà°¿à°à°à°¿à°à°à°¿à°¨ à°«à±à°à°°à± à°µà±à°¯à°¾à°à±à°¸à°¿à°¨à± | 23 à°®à°à°¦à°¿ à°®à±à°¤à°¿ |  Pfizer&#39;s Covid-19 Vaccine | Ntv,ecmZxDY81P8,887255,0,0,724,0,0,0
"['donald trump', 'coronavirus', 'us president', 'usa', 'vaccine trial', 'guidelines', 'human vaccine']",UCm7lHFkt2yB_WzL67aruVBQ,Hindustan Times,25,US President Donald Trump announces first human trial of coronavirus vaccine,xRJaJ1n98EY,862727,11227,503,1903,0,0.125,0.85792
"['coronavirus', 'corona', 'covid19', 'donald trump', 'COVID-19 Vaccine', 'usa coronavirus news today in hindi', 'us coronavirus vaccine', 'usa coronavirus news', 'coronavirus outbreak', 'coronavirus update', 'coronavirus news', 'coronavirus emergency', 'covid-19 emergency', 'donald trump declares state of emergency', 'coronavirus latest news', 'corona virus update', 'coronavirus vaccine latest news in hindi', 'coronavirus vaccine america', 'abp live', 'abp news live', 'live news', 'news live', 'abp news hindi', 'abp news']",UCRWFSbif-RFENbBrSiez1DA,ABP NEWS,25,US Tests Experimental COVID-19 Vaccine On A Person | ABP News,IhV-n3hsLfI,832494,10109,754,619,0,0.1,0.7484
"['TV9 live', 'TV9 Varthalu', 'TV9 News', 'TV9 telugu live', 'news', 'political news', 'tv9', 'tv9 telugu', 'tv9 telugu news', 'tv9 news', 'telugu news online', 'online news', 'trending news', 'Oxford COVID 19 vaccine', 'COVID 19 vaccine', 'start advanced trial in India', 'India', 'Oxford COVID 19']",UCPXTXMecYqnRKNdqdVOGSFg,TV9 Telugu Live,25,Oxford COVID 19 vaccine to start advanced trial in India soon - TV9,83nDgrjik4k,684106,0,0,379,0,0.4,0
"['Weekend TODAY', 'News', ""Editor's picks"", 'Big News', 'Coronavirus', 'Today', 'covid-19', 'coronavirus', 'vaccine', 'coronaviurs news', 'coronavirus numbers', 'coronavirus latest', 'coronavirus update']",UChDKyKQ59fYz3JO2fl0Z6sg,TODAY,25,Tensions Build Over COVID-19 Vaccine Rollout And UK Strain | TODAY,#NAME?,652212,2064,5290,2981,0,0,0
"['coronavirus', 'covid 19 prevention', 'coronavirus update', 'Coronavirus Pandemic Update 116', 'covid 19', 'coronavirus outbreak', 'covid 19 treatment', 'covid 19 vaccine', 'pfizer', 'pfizer vaccine', 'COVID vaccine', 'coronavirus vaccine', 'mrna vaccine', 'vaccine coronavirus', 'vaccine update', 'vaccine COVID 19', 'vaccine covid', 'vaccine pfizer', 'pfizer covid 19 vaccine', 'vaccine', 'coronavirus vaccines', 'coronavirus news', 'biontech vaccine', 'covid-19 vaccine', 'biontech', 'covid vaccine news', 'moderna vaccine']",UCG-iSMVtWbbwDDXgXXypARQ,MedCram - Medical Lectures Explained CLEARLY,27,Coronavirus Update 116: Pfizer COVID 19 Vaccine Explained (Biontech),_jwBxZMWrng,465537,7539,472,2167,0,0,0
"['covid 19 vaccine', 'COVID vaccine', 'coronavirus vaccine', 'mrna vaccine', 'vaccine coronavirus', 'vaccine update', 'vaccine COVID 19', 'Rna vaccine', 'vaccine covid', 'side effects of covid 19 vaccine', 'vaccine safety', 'biontech vaccine', 'Coronavirus Mutations and COVID 19 Vaccine Implications', 'Shane Crotty', 'covid 19 mutation', 'uk variant virus', 'coronavirus mutation', 'coronavirus mutation uk', 'coronavirus mutation update', 'mutation covid 19', 'new strain of coronavirus', 'coronavirus mutations']",UCG-iSMVtWbbwDDXgXXypARQ,MedCram - Medical Lectures Explained CLEARLY,27,"Coronavirus Mutations and COVID 19 Vaccine Implications with Shane Crotty, PhD (SARS CoV 2 Variants)",j7xsOsrDmPQ,297540,5096,299,288,0,0,0
"['coronavirus', 'corona virus', 'coronavirus update', 'coronavirus pandemic', 'COVID 19', 'corona virus update', 'coronavirus outbreak', 'COVID 19 prevention', 'coronavirus explained', 'coronavirus treatment', 'COVID 19 treatment', 'coronavirus prevention', 'coronavirus news', 'coronavirus usa', 'antibody production', 'coronavirus pandemic update 78', 'remdesivir news', 'remdesivir side effects', 'covid vaccine', 'face covering', 'mask for covid', 'covid masks', 'coronavirus mask', 'vaccine update', 'coronavirus vaccine']",UCG-iSMVtWbbwDDXgXXypARQ,MedCram - Medical Lectures Explained CLEARLY,27,Coronavirus Pandemic Update 78: Mask Controversy; Vaccine Update for COVID-19,_IrYyhufDwI,176058,3730,131,689,0,0,0
"['sars', '2003', 'epidemic', 'pandemic', 'outbreak', 'lesson', 'china', 'mask', 'shortage', 'ventilator', 'supply', 'inadequate', 'protective', 'equipment', 'short', 'less', 'how to prevent']",UCOmrniWfKi-uCD6Oh6fqhgw,MEDSimplified,27,LESSONS WE SHOULD HAVE LEARNT FROM SARS 2003,fQCl2Y20DuQ,34463,546,42,105,0,0,0
"['penn medicine', 'pennmedicine', 'Coronavirus', 'COVID-19', 'Dr. John Everett', 'genome sequencing', 'pandemic', 'Philadelphia']",UC36Nlm8ikeZ4tDRx__BjJnA,Penn Medicine,28,COVID-19 Symposium: SARS-CoV-2 Genome Sequencing as a Window on the Epidemic | Dr. John Everett,143HvjYD3XQ,6485,66,4,8,0,0,0
"['BBC', 'BBC World Service', 'Discovery', 'Podcasts', 'Radio', 'Podcast', 'spotify', 'sars', 'Severe Acute Respiratory Syndrome', 'china', 'hong kong', 'dr tom buckley', 'tom buckley', 'William Ho', 'coronavirus', 'covid 19', 'covid-19', 'covid', 'virus', 'pandemic', 'epidemic', 'corona sars', 'sars covid', 'sars covid 19', 'coronavirus tips', 'pandemic coronavirus', 'corona pandemic', 'covid pandemic', 'corona virus pandemic', 'corona virus', 'respiratory disease']",UCQXHTFnQYFTqN0MqmNh9EIA,BBC World Service,28,Covid-19 and Sars: How the world battled a deadly respiratory disease in 2003 - BBC World Service,Hy5gplP0JVw,5408,55,2,6,0,-0.2,-0.00848
No Tags,UCCgQaXjsJ6EdFPZeTFQoSyw,Brut India,25,#TBT The 2003 SARS Coronavirus Outbreak,oIZhG-wE_7M,2386,18,40,17,0,0,0
No Tags,UCgttjcFyP8R06mm3SJcsUcw,LurieCancerCenter,29,"Interferon Treatment for Global Virus Outbreaks: SARS and COVID-19 (May 8, 2020)",gGoWpzHs0xQ,2352,40,2,8,0,0,0
"['France 24', 'News', 'F24', 'news', 'Latest', 'Tedros', 'Debate', 'Pierre Haski', 'France 24 Debate', 'China', 'SARS', 'Covid-19', 'coronavirus', 'Beijing', 'WHO', 'World Health Organization', 'United Nations', 'Donald Trump', 'UN', 'USA', 'pandemic', 'transparency']",UCQfwfsi5VrQ8yKZ-UWmAEFg,FRANCE 24 English,25,Covid-19 &amp; China: WHO was more independent voice during SARS outbreak - Pierre Haski,PTLHCSM9DbM,1674,26,7,10,0,0.25,0.00304
"['DW News', 'astrazeneca', 'coronavirus vaccine', 'south africa', 'vaccine', 'vaccine access', 'vaccination', 'vaccine europe', 'coronavirus pandemic', 'astra zeneca', 'covid south africa', 'covid mutation', 'coronavirus strain', 'coronavirus', 'coronavirus news', 'covid 19', 'coronavirus lockdown', 'virus mutation']",UCknLrEdhRCp1aegoMqRaCZg,DW News,25,Germany temporarily halts AstraZeneca vaccinations | Coronavirus latest,jJX87rjZPzc,167891,2025,241,1337,0,0.5,0.7136
"['bbc', 'bbc news', 'news']",UC16niRr50-MSBwiO3YDb3RA,BBC News,25,What happens if I don&#39;t get the Covid vaccine? - BBC News,xong5K4om2U,103329,1052,2020,3311,0,0,0
"['NDTV 24x7', 'Coronavirus vaccination', 'comorbidities patients vaccination', 'covid 19', 'TV Clip', 'Regular News bulletin', 'coronavirus', 'corona', 'corona virus', 'covid', 'coronavirus in india', 'NDTV', 'coronavirus in India', 'covid-19', 'covid-19 in india', 'coronavirus vaccine', 'coronavirus cases in india', 'corona in India', 'senior citizens vaccination', 'nidhi Kulpati', 'Coronavirus India Updates', 'Coronavirus India', 'Covid-19 Cases', 'Coronavirus India Cases', 'Coronavirus Updates', 'Coronavirus Lockdown']",UCZFMm1mMw0F81Z37aaEzTUA,NDTV,25,Coronavirus Vaccine | Covid Vaccine Jab Capped At Rs 250 At Private Hospitals: Government,bd-8ydX2ElA,7402,51,8,15,0,0,0
"['NDTV 24x7', 'Covid Vaccine', 'Coronavirus Vaccination', 'Vaccination Drive', 'Facts Vs Myths', 'Covid Vaccination', 'Coronavirus Vaccine', 'Covid-19 India Update', 'COVID-19', 'Coronavirus India', 'Coronavirus Updates', 'Gargi Rawat', 'PM Modi gets vaccine dose', 'AIIMS hospital', 'Bharat Biotech', 'Coronavirus Vaccination Phase 2', 'covid vaccination phase 2', 'Coronavirus: Facts Vs Myths', 'CoronavirusSpecialExperts', 'Maharashtra Man Dies after Vaccination', 'TV Clip', 'Explainer']",UCZFMm1mMw0F81Z37aaEzTUA,NDTV,25,"Coronavirus Vaccination | Maharashtra Man Dies Shortly After 2nd Jab, &quot;Cause Not Known&quot;",A9BiDRKdI24,16454,152,22,60,0,0,0
No Tags,UCfgokgCJUF1cHCGXS_sSW4w,NHS Devon CCG,22,Getting the Coronavirus vaccine - a Message from Devon,Wu141dJY7cQ,1274,9,3,4,0,0,0
"['covid vaccine', 'covid-19 vaccine', 'india covid vaccine', 'india vaccine', 'covid-19', 'covishield vaccine', 'india', 'pakistan to get 45 million doses', 'vaccine', 'corona vaccine', 'india pakistan covid vaccine', 'pakistan', 'india covid vaccine plan', 'covid 19 vaccine', 'covid vaccine india', 'covid vaccine in india', 'covid-19 in india', 'covid19 vaccine supply', 'pakistan 45 million dozes', 'vaccination in india', 'india covid-19 vaccine drive day 3', 'pakistam', 'india today', 'india tdoay news', 'idnia tdoay live']",UCYPvAwZP8pZhSMW8qs7cVCw,India Today,25,Coronavirus Vaccine News | India To Supply 45 Lakh Doses Of Covid-19 Vaccine To Pakistan | Breaking,lnfSdxHRMYM,87374,307,90,255,0,0,0
"['bbc', 'bbc news', 'news']",UC16niRr50-MSBwiO3YDb3RA,BBC News,25,Ireland suspends Oxford-AstraZeneca Covid vaccine over blood clots - BBC News,_DpoziKR_Q4,99605,883,122,1721,0,0,0
"['NDTV 24x7', 'WHO', 'AstraZeneca COVID-19 Vaccine', 'blood clot', 'World Health Organization', 'Coronavirus', 'Covid Vaccine', 'TV Teaser', 'bulletin', 'regular news bulletin', 'AstraZeneca Vaccine', 'Denmark', 'Norway', 'Iceland', 'Covishield', 'coronavirus vaccination drive', 'covishield', 'covaxin', 'narendra modi', 'vaccine drive today', 'Coronavirus Vaccination in India', ""India's coronavirus vaccination drive"", 'COVID-19 vaccination', 'COVID-19', 'NITI Aayog', 'Coronavirus vaccination', 'Rohit Wellington Rajan']",UCZFMm1mMw0F81Z37aaEzTUA,NDTV,25,Coronavirus Vaccine | Should Use AstraZeneca Vaccine: WHO As Many Nations Suspend Rollout,r2bfpEYmcp8,3073,27,5,14,0,0.5,0.0088
"['NDTV 24x7', 'Coronavirus', 'Covid-19', 'Covid Vaccine', 'Covid Vaccination', 'Made in India coronavirus vaccine', 'Pakistan to get india covid vaccine', 'New Delhi', 'Sukirti Dwivedi', 'Covid Vaccination Drive', 'Coronavirus Vaccination', '20 Lakh covid vaccines in a day', 'TV Teaser', 'Regular News Bulletin', 'Coronavirus Vaccination Phase 2', 'Covid Cases In India', 'New Covid Cases In India', 'covishield', 'vaccine drive today', 'COVID-19', 'Bulletin', 'Sanket Upadhyay']",UCZFMm1mMw0F81Z37aaEzTUA,NDTV,25,Coronavirus Vaccine | Pakistan To Soon Get &#39;Made-In-India&#39; Vaccines Under Global Alliance,acn6CrPZiK4,49343,224,76,314,0,0,0
"['covaxin', 'bharat biotech gets approval for emergency use for covaxin', 'covishield covaxin gets nod', 'covaxin bharat biotech approval', 'coronavirus', 'covaxin emergency approval', 'covid-19', 'coronavirus vaccines', 'covishield covaxin gets final approval', 'emergency use authorization', 'covaxin vaccine bharat biotech', 'covaxin in bharat biotech', 'covishield emergency approval', 'covishield approval in india', 'india today', 'india today news', 'india today live news', 'india today tv enws', 'breaking news']",UCYPvAwZP8pZhSMW8qs7cVCw,India Today,25,India Gets Nod For Two Coronavirus Vaccine To Fight Covid-19 | Breaking News,96j5hy8Ubt4,1119864,2128,538,196,0,0,0
"[""pm modi's mother takes covid vaccine"", ""pm modi's mother covid vaccination"", ""pm modi's mother heeraben"", ""pm modi's mother covid 19 vaccination"", 'pm modi covid vaccine', 'pm modi', 'pm modi tweets about mother taking covid vaccine', 'pm modi on covid vaccine', ""narenrda modi's mother takes covid vaccine"", 'pm narendra modi', 'covid vaccination', 'coronavirus vaccine', 'covid vaccine india', 'covid vaccine news', 'covid 19', 'covid-19 vaccine', 'india today', 'india today news', 'india today headlines']",UCYPvAwZP8pZhSMW8qs7cVCw,India Today,25,PM Modi&#39;s Mother Heeraben Takes First Jab Of Coronavirus Vaccine,UQN_28ATWyk,36179,132,142,29,0,0.25,-0.0016
"['Cambridge', 'Cambridge University', 'coronavirus vaccine', 'developing a COVID-19 coronavirus vaccine', 'Jonathan Heeney', 'Where did coronavirus come from', 'Is there a vaccine for coronavirus', 'cambridge research']",UCc5vZEM1MLUzCrg_aZIJdeA,Cambridge University,27,COVID-19 coronavirus vaccine: everything you need to know,UPkVbZ9X_jQ,279664,3716,274,205,0,0,0
"['nbc', 'news', 'news nbc', 'nbc live', 'live news', 'news nbc live', 'nbc news live', 'nbc special report', 'nbc news today', 'news today', 'nightly news', 'nightly news nbc', 'nbc news special report', 'nbc news live today', 'nbc news live stream', 'nbc news now']",UCeY0bbntWzzVIaj2z3QigXg,NBC News,25,Biden Receives Coronavirus Vaccine | NBC News,RcOyEitnzU8,150118,2490,541,1622,0,0,0
"['Health', 'News', ""Editor's picks"", 'Politics', 'Big News', 'Coronavirus', 'Today', 'The TODAY Show', 'TODAY Show', 'NBC', 'NBC News', 'TODAY Show Interview', 'Hoda and Jenna', 'Hoda', 'Donna Farizan', 'Al Roker', 'TODAY show news', 'Secretive Lab', 'Coronavirus Vaccine', 'Russia Coronavirus Vaccine', 'COVID-19 vaccine', 'covid-19 vaccine update', 'covid-19 vaccine Development', 'coronavirus news', 'covid-19 vaccine trials', 'Secretive vaccine Lab', 'covid vaccine', 'russian vaccine', 'coronavirus pandemic', 'Russia vaccine']",UChDKyKQ59fYz3JO2fl0Z6sg,TODAY,25,Inside The Secretive Lab Developing Russiaâs Coronavirus Vaccine | TODAY,BAuNG26S_Ms,116413,681,274,382,0,0,0
"['NDTV 24x7', 'First vaccination', 'PM Modi', 'India COVID-19 vaccination', ""India's Vaccine Day"", 'Covid vaccination drive', 'Covid Vaccines', 'Covid Vaccination', 'Coronavirus Vaccines', 'vaccination drive', 'TV Clip', 'coronavirus vaccination drive', 'covishield', 'covaxin', 'narendra modi', 'vaccine drive today', 'Coronavirus Vaccination in India', ""India's coronavirus vaccination drive"", 'COVID-19 vaccination', 'Coronavirus', 'COVID-19', 'PM Modi on vaccine drive', 'PM Modi launch Vaccine drive', 'NITI Aayog']",UCZFMm1mMw0F81Z37aaEzTUA,NDTV,25,"Coronavirus Vaccine: India Starts Vaccination, First Frontline Worker Gets Covid Shot",O_Q48p4FGAQ,20280,271,31,123,0,0.25,0.0384
"['Sky News', 'Sky', 'Sophy Ridge', 'Coronavirus', 'COVID-19', 'Pandemic', 'Plandemic', 'Epidemic', 'Plague', 'Vaccine', 'Biogen', 'Pfizer', 'tour', 'united kingdom', 'good news', 'optimism']",UCoMdktPbSTixAyNGwb-UYkQ,Sky News,25,COVID-19: Good news on a coronavirus vaccine progress?,WCD-sM3G4r0,93192,1128,267,463,0,0.7,0.48216
"['SKY', 'NEWS', 'SKY NEWS', 'COVID-19', 'CORONAVIRUS', 'INTENSIVE', 'CARE', 'ICU', 'CRITICAL', 'MAYOR', 'LONDON', 'DOCTORS', 'INCIDENT', 'HOSPITALS', 'DATA', 'LEGACY', 'PANDEMIC', 'PUBLIC', 'OBEY', 'LOCKDOWN', 'COMPLACENT', 'TRAINING', 'STAFF', 'CRISIS', 'VACCINE', 'SHOT', 'JAB', 'MESSAGE', 'RULES', 'PATIENTS', 'DECISIONS', 'OPERATIONS', 'FOOTFALL', 'NEWS.SKY.COM', 'SKYNEWS.COM']",UCoMdktPbSTixAyNGwb-UYkQ,Sky News,25,COVID-19: Why are some people hesitant about taking the coronavirus vaccine?,mfG-fBYYAiM,258959,928,3448,3172,0,0,0
"['coronavirus vaccine', 'astrazeneca', 'south africa', 'coronavirus mutation', 'mutation vaccine', 'south africa coronavirus', 'vaccine', 'vaccine access', 'vaccination', 'vaccine europe', 'coronavirus pandemic', 'astra zeneca', 'coronavirus south africa', 'covid south africa', 'covid mutation', 'coronavirus strain', '501.V2', 'coronavirus', 'coronavirus news', 'covid 19', 'coronavirus deaths', 'coronavirus lockdown', 'covid new strain', 'new strain', 'coronavirus strains', 'mutated strain', 'covid 19 mutation', 'virus mutation']",UCknLrEdhRCp1aegoMqRaCZg,DW News,25,South Africa suspends rollout of Oxford-AstraZeneca coronavirus vaccine | DW News,JIkwaoCkWks,479652,4522,317,1733,0,0,0
"['Squawk on the Street', 'CNBC', 'business news', 'finance stock', 'stock market', 'news channel', 'news station', 'breaking news', 'us news', 'world news', 'cable', 'cable news', 'finance news', 'money', 'money tips', 'financial news', 'stock market news', 'stocks']",UCrp_UI8XtuYfpiqluWLD7Lw,CNBC Television,25,Pfizer vaccine neutralizes Brazil and U.K. variants of Covid-19: Lab study,ZhfwWGBoJW4,147979,723,559,745,0,0,0
"['bbc', 'bbc news', 'news', 'coronavirus', 'virus', 'pandemic', 'Covid', 'Covid-19', 'deaths', 'UK', 'programme', 'rollout', 'start', 'beginning', 'end', 'cases', 'infection', 'fatalities', 'vaccine', 'vaccination', 'begins', 'arrives', 'hospitals', 'secret', 'distribution', 'MHRA', 'medicines', 'regulator', 'Medical', 'Director', 'NHS', 'England', 'months', 'criticised', 'approval', 'danger', 'threat', 'risk', 'vulnerable', 'care', 'elderly', 'over', '80', 'homes', 'staff', 'workers', 'people', 'Hugh Pym', 'health', 'editor', 'injected', 'antibodies', 'frontline', 'expand', 'Huw Edwards']",UC16niRr50-MSBwiO3YDb3RA,BBC News,25,Coronavirus vaccination begins in the UK with most vulnerable given priority - BBC News,gE6jG3N5s6k,159930,1479,1647,2513,0,0,0
"['Prime Minister Narendra Modi Covid Vaccine', 'PM Narendra Modi Takes Coronavirus Vaccine', 'Narenrda Modi takes Covid Vaccine', 'pm modi covid vaccine', 'pm modi tweets about taking covid vaccine', 'pm modi', 'covid vaccine', 'coronavirus vaccine', 'price of coronavirus vaccine', 'private hospitals covid vaccine', 'coronavirus vaccination in private hospitals', 'covid vaccination', 'india covid vaccine plan', 'india covid vaccine price', 'coronavirus private hospitals news', 'india today']",UCYPvAwZP8pZhSMW8qs7cVCw,India Today,25,"PM Modi Takes Covid Vaccine At AIIMS, Leads India&#39;s Coronavirus Vaccination Drive From Front",dSwnZ_VCRxo,13964,71,61,30,0,0,0
"['bbc', 'bbc news', 'news', 'coronavirus', 'virus', 'vaccine', 'Oxford', 'human', 'trial', 'volunteers', 'injection', 'first', 'Covid-19', 'meningitis', 'hope', 'deaths', 'protection', 'immunity', 'antibodies', 'immune', 'system', 'lab', 'university', 'key', 'workers', 'testing', 'test', 'symptoms', 'health', 'secretary', 'Matt Hancock', 'government', 'NHS', 'doctors', 'nurses', 'frontline', 'staff', 'online', 'centres', 'mobile', 'facilities', 'Sophie Raworth', 'Fergus Walsh', 'Hugh Pym', 'medical', 'correspondent', 'Science', 'Editor', 'latest']",UC16niRr50-MSBwiO3YDb3RA,BBC News,25,Coronavirus vaccine:  first human trial in Europe begins at Oxford - BBC News,gerQpTFIndI,1463933,15866,1935,6369,0,0.125,1.11448
"['TV9 live', 'TV9 Varthalu', 'TV9 News', 'TV9 telugu live', 'news', 'political news', 'tv9', 'tv9 telugu', 'tv9 telugu news', 'tv9 news', 'telugu news online', 'online news', 'trending news', 'Moderna', 'Coronavirus Vaccine', 'Coronavirus', 'Corona Vaccine', 'Covid-19', 'Moderna says Covid-19 shot 94% effective']",UCPXTXMecYqnRKNdqdVOGSFg,TV9 Telugu Live,25,Coronavirus Vaccine : Moderna says Covid-19 shot 94% effective - TV9,BykvAPxIAKA,249051,0,0,133,0,0.6,0
"['NDTV 24x7', 'coronavirus vaccination drive', 'covishield', 'covaxin', 'narendra modi', 'vaccine drive today', 'Coronavirus Vaccination in India', ""India's coronavirus vaccination drive"", 'COVID-19 vaccination', 'Coronavirus', 'COVID-19', 'PM Modi on vaccine drive', 'PM Modi launch Vaccine drive', 'NITI Aayog', 'Coronavirus vaccination', 'covishield vaccine', 'Covaxin Vaccine', 'vaccination for covid-19', 'covid 19 vaccination programme', 'covid-19 vaccine', 'vaccination in india', 'covid vaccination', 'covid vaccine']",UCZFMm1mMw0F81Z37aaEzTUA,NDTV,25,Coronavirus Vaccination: PM Modi Launches Covid Vaccination Drive,CnfIf-2LAWc,15968,304,150,70,0,0,0
"['NDTV 24x7', ""India's First Covid Vaccine Recipient"", 'First vaccination', 'PM Modi', 'India COVID-19 vaccination', ""India's Vaccine Day"", 'Covid vaccination drive', 'Covid Vaccines', 'Covid Vaccination', 'Coronavirus Vaccines', 'vaccination drive', 'TV Clip', 'coronavirus vaccination drive', 'covishield', 'covaxin', 'narendra modi', 'vaccine drive today', 'Coronavirus Vaccination in India', ""India's coronavirus vaccination drive"", 'COVID-19 vaccination', 'Coronavirus', 'COVID-19', 'PM Modi on vaccine drive']",UCZFMm1mMw0F81Z37aaEzTUA,NDTV,25,Coronavirus Vaccine: What India&#39;s 1st Covid Vaccine Recipient Has To Say To Others,GzLK6quP7DU,17713,235,30,83,0,0,0
"['coronavirus vaccine', 'coronavirus vaccines', 'coronavirus vaccination', 'corona testing', 'coronavirus testing', 'antibody test', 'antibody testing', 'corona test', 'coronavirus test', 'corona vaccine', 'vaccine', 'coronavirus', 'coronavirus news', 'coronavirus update', 'corona virus', 'virus outbreak', 'corona', 'coronavirus outbreak', 'coronavirus spread', 'coronavirus pandemic', 'lockdown', 'coronavirus deaths', 'corona news', 'corona update', 'pfizer', 'biontech']",UCknLrEdhRCp1aegoMqRaCZg,DW News,25,Coronavirus vaccine update: How close are we? | COVID-19 Update,RpI1BoJq5S8,281703,2621,297,945,0,0,0
"['vaccine hesitancy', 'vaccine side effect', 'covid vaccine', 'vaccination', 'europe vaccination', 'us military covid vaccine', 'vaccine side effect covid', 'Pfizer Covid-19 Vaccine', 'Pfizer BioNTech Vaccine', 'Covid-19 vaccine', 'vaccine safety', 'Pfizer vaccine safety', 'Moderna coronavirus vaccine', 'coronavirus vaccine', 'norway vaccine', 'vaccine safety Pfizer', 'pfizer share latest news', 'pfizer news', 'side effects of pfizer vaccine', 'covaxin side effects', 'covaxin', 'bharath biotech', 'covishield']",UC3prwMn9aU2z5Y158ZdGyyA,CRUX,25,"Why Are Millions Refusing Coronavirus Vaccine In US, Europe And China?",DsgKGbosqe0,162357,1978,145,1947,0,0,0
